[{"model": "admin.logentry", "pk": 1, "fields": {"action_time": "2023-07-25T11:51:17.187Z", "user": 1, "content_type": 4, "object_id": "2", "object_repr": "Dave", "action_flag": 1, "change_message": "[{\"added\": {}}]"}}, {"model": "admin.logentry", "pk": 2, "fields": {"action_time": "2023-07-25T11:51:25.342Z", "user": 1, "content_type": 4, "object_id": "3", "object_repr": "Jinnelle", "action_flag": 1, "change_message": "[{\"added\": {}}]"}}, {"model": "admin.logentry", "pk": 3, "fields": {"action_time": "2023-07-25T11:51:33.562Z", "user": 1, "content_type": 4, "object_id": "4", "object_repr": "Gabrielle", "action_flag": 1, "change_message": "[{\"added\": {}}]"}}, {"model": "admin.logentry", "pk": 4, "fields": {"action_time": "2023-07-25T11:51:39.418Z", "user": 1, "content_type": 4, "object_id": "5", "object_repr": "Kenny", "action_flag": 1, "change_message": "[{\"added\": {}}]"}}, {"model": "admin.logentry", "pk": 5, "fields": {"action_time": "2023-07-25T14:31:03.217Z", "user": 1, "content_type": 7, "object_id": "1", "object_repr": "dmath", "action_flag": 1, "change_message": "[{\"added\": {}}]"}}, {"model": "admin.logentry", "pk": 6, "fields": {"action_time": "2023-07-27T16:23:23.162Z", "user": 1, "content_type": 4, "object_id": "6", "object_repr": "Cartman", "action_flag": 1, "change_message": "[{\"added\": {}}]"}}, {"model": "admin.logentry", "pk": 7, "fields": {"action_time": "2023-07-27T16:23:52.689Z", "user": 1, "content_type": 4, "object_id": "6", "object_repr": "Cartman", "action_flag": 2, "change_message": "[]"}}, {"model": "admin.logentry", "pk": 8, "fields": {"action_time": "2023-07-27T16:26:24.397Z", "user": 1, "content_type": 4, "object_id": "7", "object_repr": "Stan", "action_flag": 1, "change_message": "[{\"added\": {}}]"}}, {"model": "admin.logentry", "pk": 9, "fields": {"action_time": "2023-07-29T09:31:39.318Z", "user": 1, "content_type": 4, "object_id": "7", "object_repr": "Stan_Marsh", "action_flag": 2, "change_message": "[{\"changed\": {\"fields\": [\"Username\"]}}]"}}, {"model": "admin.logentry", "pk": 10, "fields": {"action_time": "2023-07-29T09:32:43.408Z", "user": 1, "content_type": 4, "object_id": "6", "object_repr": "Cartman", "action_flag": 2, "change_message": "[{\"changed\": {\"name\": \"profile\", \"object\": \"Cartman\", \"fields\": [\"Follows\"]}}]"}}, {"model": "admin.logentry", "pk": 11, "fields": {"action_time": "2023-07-29T09:34:53.955Z", "user": 1, "content_type": 4, "object_id": "3", "object_repr": "Jinnelle", "action_flag": 2, "change_message": "[{\"added\": {\"name\": \"profile\", \"object\": \"Jinnelle\"}}]"}}, {"model": "admin.logentry", "pk": 12, "fields": {"action_time": "2023-07-29T09:35:02.307Z", "user": 1, "content_type": 4, "object_id": "2", "object_repr": "Dave", "action_flag": 2, "change_message": "[{\"added\": {\"name\": \"profile\", \"object\": \"Dave\"}}]"}}, {"model": "admin.logentry", "pk": 13, "fields": {"action_time": "2023-07-29T09:35:09.738Z", "user": 1, "content_type": 4, "object_id": "4", "object_repr": "Gabrielle", "action_flag": 2, "change_message": "[{\"added\": {\"name\": \"profile\", \"object\": \"Gabrielle\"}}]"}}, {"model": "admin.logentry", "pk": 14, "fields": {"action_time": "2023-07-29T09:35:14.905Z", "user": 1, "content_type": 4, "object_id": "5", "object_repr": "Kenny", "action_flag": 2, "change_message": "[{\"added\": {\"name\": \"profile\", \"object\": \"Kenny\"}}]"}}, {"model": "admin.logentry", "pk": 15, "fields": {"action_time": "2023-07-29T09:35:29.949Z", "user": 1, "content_type": 4, "object_id": "4", "object_repr": "Butters", "action_flag": 2, "change_message": "[{\"changed\": {\"fields\": [\"Username\"]}}]"}}, {"model": "admin.logentry", "pk": 16, "fields": {"action_time": "2023-07-29T09:35:53.389Z", "user": 1, "content_type": 4, "object_id": "3", "object_repr": "Mr.Macky", "action_flag": 2, "change_message": "[{\"changed\": {\"fields\": [\"Username\"]}}]"}}, {"model": "admin.logentry", "pk": 17, "fields": {"action_time": "2023-07-29T09:36:21.304Z", "user": 1, "content_type": 4, "object_id": "2", "object_repr": "Mr.Garrison", "action_flag": 2, "change_message": "[{\"changed\": {\"fields\": [\"Username\"]}}]"}}, {"model": "admin.logentry", "pk": 18, "fields": {"action_time": "2023-07-29T15:38:23.240Z", "user": 1, "content_type": 4, "object_id": "7", "object_repr": "Stan_Marsh", "action_flag": 2, "change_message": "[{\"changed\": {\"name\": \"profile\", \"object\": \"Stan_Marsh\", \"fields\": [\"Follows\"]}}]"}}, {"model": "admin.logentry", "pk": 19, "fields": {"action_time": "2023-07-29T15:40:06.829Z", "user": 1, "content_type": 4, "object_id": "1", "object_repr": "dmath", "action_flag": 2, "change_message": "[{\"changed\": {\"name\": \"profile\", \"object\": \"dmath\", \"fields\": [\"Follows\"]}}]"}}, {"model": "admin.logentry", "pk": 20, "fields": {"action_time": "2023-07-30T13:39:52.218Z", "user": 1, "content_type": 4, "object_id": "1", "object_repr": "dmath", "action_flag": 2, "change_message": "[{\"changed\": {\"name\": \"profile\", \"object\": \"dmath\", \"fields\": [\"Follows\"]}}]"}}, {"model": "admin.logentry", "pk": 21, "fields": {"action_time": "2023-07-30T13:41:31.779Z", "user": 1, "content_type": 4, "object_id": "1", "object_repr": "dmath", "action_flag": 2, "change_message": "[]"}}, {"model": "admin.logentry", "pk": 22, "fields": {"action_time": "2023-07-30T13:42:32.780Z", "user": 1, "content_type": 4, "object_id": "1", "object_repr": "dmath", "action_flag": 2, "change_message": "[{\"changed\": {\"name\": \"profile\", \"object\": \"dmath\", \"fields\": [\"Follows\"]}}]"}}, {"model": "admin.logentry", "pk": 23, "fields": {"action_time": "2023-08-05T08:32:24.975Z", "user": 1, "content_type": 8, "object_id": "1", "object_repr": "dmath(2023-08-05 08:32): This is my first tweet...", "action_flag": 1, "change_message": "[{\"added\": {}}]"}}, {"model": "admin.logentry", "pk": 24, "fields": {"action_time": "2023-08-05T08:33:59.129Z", "user": 1, "content_type": 8, "object_id": "2", "object_repr": "Mr.Macky(2023-08-05 08:33): This is a tweet mmkay...", "action_flag": 1, "change_message": "[{\"added\": {}}]"}}, {"model": "admin.logentry", "pk": 25, "fields": {"action_time": "2023-08-05T08:35:28.679Z", "user": 1, "content_type": 8, "object_id": "3", "object_repr": "Cartman(2023-08-05 08:35): Screw you guys, Im going home...", "action_flag": 1, "change_message": "[{\"added\": {}}]"}}, {"model": "admin.logentry", "pk": 26, "fields": {"action_time": "2023-08-05T10:21:23.027Z", "user": 1, "content_type": 8, "object_id": "2", "object_repr": "Mr.Macky(2023-08-05 08:33): This is a tweet mmkay...", "action_flag": 2, "change_message": "[]"}}, {"model": "admin.logentry", "pk": 27, "fields": {"action_time": "2023-08-05T10:43:31.381Z", "user": 1, "content_type": 8, "object_id": "4", "object_repr": "dmath (2023-08-05 10:43): ek se mmkay... ", "action_flag": 1, "change_message": "[{\"added\": {}}]"}}, {"model": "admin.logentry", "pk": 28, "fields": {"action_time": "2023-08-05T12:44:43.622Z", "user": 1, "content_type": 8, "object_id": "1", "object_repr": "dmath (2023-08-05 08:32): What am I even doing here, I should have been a dentist... ", "action_flag": 2, "change_message": "[{\"changed\": {\"fields\": [\"Body\"]}}]"}}, {"model": "admin.logentry", "pk": 29, "fields": {"action_time": "2023-08-12T09:34:23.866Z", "user": 1, "content_type": 4, "object_id": "1", "object_repr": "dmath", "action_flag": 2, "change_message": "[{\"changed\": {\"name\": \"profile\", \"object\": \"dmath\", \"fields\": [\"Follows\", \"Profile image\"]}}]"}}, {"model": "admin.logentry", "pk": 30, "fields": {"action_time": "2023-08-12T10:27:31.344Z", "user": 1, "content_type": 4, "object_id": "9", "object_repr": "Beyb", "action_flag": 2, "change_message": "[{\"changed\": {\"name\": \"profile\", \"object\": \"Beyb\", \"fields\": [\"Profile image\"]}}]"}}, {"model": "admin.logentry", "pk": 31, "fields": {"action_time": "2023-08-12T10:27:43.432Z", "user": 1, "content_type": 4, "object_id": "8", "object_repr": "Towlie", "action_flag": 2, "change_message": "[{\"changed\": {\"name\": \"profile\", \"object\": \"Towlie\", \"fields\": [\"Profile image\"]}}]"}}, {"model": "admin.logentry", "pk": 32, "fields": {"action_time": "2023-08-12T10:28:03.454Z", "user": 1, "content_type": 4, "object_id": "7", "object_repr": "Stan_Marsh", "action_flag": 2, "change_message": "[{\"changed\": {\"name\": \"profile\", \"object\": \"Stan_Marsh\", \"fields\": [\"Profile image\"]}}]"}}, {"model": "admin.logentry", "pk": 33, "fields": {"action_time": "2023-08-12T10:28:13.446Z", "user": 1, "content_type": 4, "object_id": "6", "object_repr": "Cartman", "action_flag": 2, "change_message": "[{\"changed\": {\"name\": \"profile\", \"object\": \"Cartman\", \"fields\": [\"Profile image\"]}}]"}}, {"model": "admin.logentry", "pk": 34, "fields": {"action_time": "2023-08-12T10:28:22.277Z", "user": 1, "content_type": 4, "object_id": "5", "object_repr": "Kenny", "action_flag": 2, "change_message": "[{\"changed\": {\"name\": \"profile\", \"object\": \"Kenny\", \"fields\": [\"Profile image\"]}}]"}}, {"model": "admin.logentry", "pk": 35, "fields": {"action_time": "2023-08-12T10:28:33.860Z", "user": 1, "content_type": 4, "object_id": "4", "object_repr": "Butters", "action_flag": 2, "change_message": "[{\"changed\": {\"name\": \"profile\", \"object\": \"Butters\", \"fields\": [\"Profile image\"]}}]"}}, {"model": "admin.logentry", "pk": 36, "fields": {"action_time": "2023-08-12T10:28:42.961Z", "user": 1, "content_type": 4, "object_id": "3", "object_repr": "Mr.Macky", "action_flag": 2, "change_message": "[{\"changed\": {\"name\": \"profile\", \"object\": \"Mr.Macky\", \"fields\": [\"Profile image\"]}}]"}}, {"model": "admin.logentry", "pk": 37, "fields": {"action_time": "2023-08-12T10:28:52.294Z", "user": 1, "content_type": 4, "object_id": "2", "object_repr": "Mr.Garrison", "action_flag": 2, "change_message": "[{\"changed\": {\"name\": \"profile\", \"object\": \"Mr.Garrison\", \"fields\": [\"Profile image\"]}}]"}}, {"model": "admin.logentry", "pk": 38, "fields": {"action_time": "2023-09-16T13:59:45.767Z", "user": 1, "content_type": 4, "object_id": "1", "object_repr": "dmath", "action_flag": 2, "change_message": "[{\"changed\": {\"name\": \"profile\", \"object\": \"dmath\", \"fields\": [\"Profile bio\", \"Website link\", \"Facebook link\"]}}]"}}, {"model": "admin.logentry", "pk": 39, "fields": {"action_time": "2023-09-18T18:33:41.119Z", "user": 1, "content_type": 4, "object_id": "1", "object_repr": "dmath", "action_flag": 2, "change_message": "[]"}}, {"model": "admin.logentry", "pk": 40, "fields": {"action_time": "2023-09-18T18:34:52.695Z", "user": 1, "content_type": 4, "object_id": "1", "object_repr": "dmath", "action_flag": 2, "change_message": "[{\"changed\": {\"name\": \"profile\", \"object\": \"dmath\", \"fields\": [\"Facebook link\"]}}]"}}, {"model": "admin.logentry", "pk": 41, "fields": {"action_time": "2023-09-18T18:35:44.442Z", "user": 1, "content_type": 4, "object_id": "1", "object_repr": "dmath", "action_flag": 2, "change_message": "[{\"changed\": {\"name\": \"profile\", \"object\": \"dmath\", \"fields\": [\"Facebook link\", \"Instagram link\", \"Linkedin link\"]}}]"}}, {"model": "admin.logentry", "pk": 42, "fields": {"action_time": "2023-09-18T18:45:25.529Z", "user": 1, "content_type": 4, "object_id": "1", "object_repr": "dmath", "action_flag": 2, "change_message": "[{\"changed\": {\"name\": \"profile\", \"object\": \"dmath\", \"fields\": [\"Facebook link\", \"Instagram link\", \"Linkedin link\"]}}]"}}, {"model": "admin.logentry", "pk": 43, "fields": {"action_time": "2023-12-28T09:50:03.113Z", "user": 1, "content_type": 4, "object_id": "9", "object_repr": "Beyb", "action_flag": 2, "change_message": "[{\"changed\": {\"name\": \"profile\", \"object\": \"Beyb\", \"fields\": [\"Profile bio\"]}}]"}}, {"model": "admin.logentry", "pk": 44, "fields": {"action_time": "2023-12-30T12:20:38.256Z", "user": 1, "content_type": 4, "object_id": "1", "object_repr": "Dylz", "action_flag": 2, "change_message": "[{\"changed\": {\"name\": \"profile\", \"object\": \"Dylz\", \"fields\": [\"Follows\"]}}]"}}, {"model": "auth.permission", "pk": 1, "fields": {"name": "Can add log entry", "content_type": 1, "codename": "add_logentry"}}, {"model": "auth.permission", "pk": 2, "fields": {"name": "Can change log entry", "content_type": 1, "codename": "change_logentry"}}, {"model": "auth.permission", "pk": 3, "fields": {"name": "Can delete log entry", "content_type": 1, "codename": "delete_logentry"}}, {"model": "auth.permission", "pk": 4, "fields": {"name": "Can view log entry", "content_type": 1, "codename": "view_logentry"}}, {"model": "auth.permission", "pk": 5, "fields": {"name": "Can add permission", "content_type": 2, "codename": "add_permission"}}, {"model": "auth.permission", "pk": 6, "fields": {"name": "Can change permission", "content_type": 2, "codename": "change_permission"}}, {"model": "auth.permission", "pk": 7, "fields": {"name": "Can delete permission", "content_type": 2, "codename": "delete_permission"}}, {"model": "auth.permission", "pk": 8, "fields": {"name": "Can view permission", "content_type": 2, "codename": "view_permission"}}, {"model": "auth.permission", "pk": 9, "fields": {"name": "Can add group", "content_type": 3, "codename": "add_group"}}, {"model": "auth.permission", "pk": 10, "fields": {"name": "Can change group", "content_type": 3, "codename": "change_group"}}, {"model": "auth.permission", "pk": 11, "fields": {"name": "Can delete group", "content_type": 3, "codename": "delete_group"}}, {"model": "auth.permission", "pk": 12, "fields": {"name": "Can view group", "content_type": 3, "codename": "view_group"}}, {"model": "auth.permission", "pk": 13, "fields": {"name": "Can add user", "content_type": 4, "codename": "add_user"}}, {"model": "auth.permission", "pk": 14, "fields": {"name": "Can change user", "content_type": 4, "codename": "change_user"}}, {"model": "auth.permission", "pk": 15, "fields": {"name": "Can delete user", "content_type": 4, "codename": "delete_user"}}, {"model": "auth.permission", "pk": 16, "fields": {"name": "Can view user", "content_type": 4, "codename": "view_user"}}, {"model": "auth.permission", "pk": 17, "fields": {"name": "Can add content type", "content_type": 5, "codename": "add_contenttype"}}, {"model": "auth.permission", "pk": 18, "fields": {"name": "Can change content type", "content_type": 5, "codename": "change_contenttype"}}, {"model": "auth.permission", "pk": 19, "fields": {"name": "Can delete content type", "content_type": 5, "codename": "delete_contenttype"}}, {"model": "auth.permission", "pk": 20, "fields": {"name": "Can view content type", "content_type": 5, "codename": "view_contenttype"}}, {"model": "auth.permission", "pk": 21, "fields": {"name": "Can add session", "content_type": 6, "codename": "add_session"}}, {"model": "auth.permission", "pk": 22, "fields": {"name": "Can change session", "content_type": 6, "codename": "change_session"}}, {"model": "auth.permission", "pk": 23, "fields": {"name": "Can delete session", "content_type": 6, "codename": "delete_session"}}, {"model": "auth.permission", "pk": 24, "fields": {"name": "Can view session", "content_type": 6, "codename": "view_session"}}, {"model": "auth.permission", "pk": 25, "fields": {"name": "Can add profile", "content_type": 7, "codename": "add_profile"}}, {"model": "auth.permission", "pk": 26, "fields": {"name": "Can change profile", "content_type": 7, "codename": "change_profile"}}, {"model": "auth.permission", "pk": 27, "fields": {"name": "Can delete profile", "content_type": 7, "codename": "delete_profile"}}, {"model": "auth.permission", "pk": 28, "fields": {"name": "Can view profile", "content_type": 7, "codename": "view_profile"}}, {"model": "auth.permission", "pk": 29, "fields": {"name": "Can add tweet", "content_type": 8, "codename": "add_tweet"}}, {"model": "auth.permission", "pk": 30, "fields": {"name": "Can change tweet", "content_type": 8, "codename": "change_tweet"}}, {"model": "auth.permission", "pk": 31, "fields": {"name": "Can delete tweet", "content_type": 8, "codename": "delete_tweet"}}, {"model": "auth.permission", "pk": 32, "fields": {"name": "Can view tweet", "content_type": 8, "codename": "view_tweet"}}, {"model": "auth.user", "pk": 1, "fields": {"password": "pbkdf2_sha256$390000$FcM7iLGOwHVJSF05aO2fzA$sGcp1+VhrBZCDWe/+rUo6dWxXqY9vVPQRKsj42M6sQU=", "last_login": "2024-03-07T11:36:19.951Z", "is_superuser": true, "username": "Dylz", "first_name": "Dylan", "last_name": "Matheson", "email": "dmatheson23@gmail.com", "is_staff": true, "is_active": true, "date_joined": "2023-07-25T10:38:08.101Z", "groups": [], "user_permissions": []}}, {"model": "auth.user", "pk": 2, "fields": {"password": "", "last_login": null, "is_superuser": false, "username": "Mr.Garrison", "first_name": "", "last_name": "", "email": "", "is_staff": false, "is_active": true, "date_joined": "2023-07-25T11:51:17.177Z", "groups": [], "user_permissions": []}}, {"model": "auth.user", "pk": 3, "fields": {"password": "", "last_login": null, "is_superuser": false, "username": "Mr.Macky", "first_name": "", "last_name": "", "email": "", "is_staff": false, "is_active": true, "date_joined": "2023-07-25T11:51:25.293Z", "groups": [], "user_permissions": []}}, {"model": "auth.user", "pk": 4, "fields": {"password": "", "last_login": null, "is_superuser": false, "username": "Butters", "first_name": "", "last_name": "", "email": "", "is_staff": false, "is_active": true, "date_joined": "2023-07-25T11:51:33.544Z", "groups": [], "user_permissions": []}}, {"model": "auth.user", "pk": 5, "fields": {"password": "", "last_login": null, "is_superuser": false, "username": "Kenny", "first_name": "", "last_name": "", "email": "", "is_staff": false, "is_active": true, "date_joined": "2023-07-25T11:51:39.393Z", "groups": [], "user_permissions": []}}, {"model": "auth.user", "pk": 6, "fields": {"password": "", "last_login": null, "is_superuser": false, "username": "Cartman", "first_name": "", "last_name": "", "email": "", "is_staff": false, "is_active": true, "date_joined": "2023-07-27T16:23:22.834Z", "groups": [], "user_permissions": []}}, {"model": "auth.user", "pk": 7, "fields": {"password": "", "last_login": null, "is_superuser": false, "username": "Stan_Marsh", "first_name": "", "last_name": "", "email": "", "is_staff": false, "is_active": true, "date_joined": "2023-07-27T16:26:24.344Z", "groups": [], "user_permissions": []}}, {"model": "auth.user", "pk": 8, "fields": {"password": "pbkdf2_sha256$390000$vhDGHRxZE9jpXpyzP3pKiY$0vOBMu0h+vbgjNNhN3Vxfw09Dj5eIZpqZ1LsSOtKKy0=", "last_login": "2023-08-15T17:10:39.829Z", "is_superuser": false, "username": "Towlie", "first_name": "AlwaysBring", "last_name": "Atowel", "email": "towlie@southp.com", "is_staff": false, "is_active": true, "date_joined": "2023-08-07T18:25:47.625Z", "groups": [], "user_permissions": []}}, {"model": "auth.user", "pk": 9, "fields": {"password": "pbkdf2_sha256$390000$GtGpGhWbadv9KJ5R5tGXQa$Kx+Ekez+YkQoSjta9VTJb0GLO0zfz6ulw/i/sBpXHuA=", "last_login": "2023-08-19T13:27:35.795Z", "is_superuser": false, "username": "Beyb", "first_name": "bey", "last_name": "bey", "email": "bb@southp.com", "is_staff": false, "is_active": true, "date_joined": "2023-08-08T17:07:50.416Z", "groups": [], "user_permissions": []}}, {"model": "auth.user", "pk": 10, "fields": {"password": "pbkdf2_sha256$390000$ZZwtyg7Q92PHqajfUQRjXX$UXzRcLX9YesM6ljS902GHTljB2z8HxGOPhDA9zub2xE=", "last_login": "2023-12-30T07:45:39.077Z", "is_superuser": false, "username": "Zoidberg", "first_name": "Dr Zoidberg", "last_name": "Crustacian", "email": "Zoidberg@gmail.com", "is_staff": false, "is_active": true, "date_joined": "2023-12-27T18:31:20.774Z", "groups": [], "user_permissions": []}}, {"model": "auth.user", "pk": 11, "fields": {"password": "pbkdf2_sha256$390000$BF68OfkAE9Q0SHSBenhYG3$cSH+fR9twYKSrVF3nAKvDVnUb6h6S0H9kNl1HM15uUc=", "last_login": "2023-12-28T18:43:39.715Z", "is_superuser": false, "username": "tester", "first_name": "minimum", "last_name": "Details", "email": "min@hotmail.com", "is_staff": false, "is_active": true, "date_joined": "2023-12-28T18:43:39.238Z", "groups": [], "user_permissions": []}}, {"model": "auth.user", "pk": 12, "fields": {"password": "pbkdf2_sha256$390000$ceOsMoHf2UuTGzr9r51G7O$cA/0WNjDIZWJrQJrBr+hI9XFqlmVQoRziVOD4SRObKg=", "last_login": "2023-12-30T11:09:48.300Z", "is_superuser": false, "username": "leela", "first_name": "Leela", "last_name": "Captain", "email": "leela@hotmail.com", "is_staff": false, "is_active": true, "date_joined": "2023-12-30T11:08:04.475Z", "groups": [], "user_permissions": []}}, {"model": "auth.user", "pk": 13, "fields": {"password": "pbkdf2_sha256$390000$CWCHGB7WaNgVTJTAHDl83G$2yDNLUxGSTE218SqXu+cschNqNWU4ynQdMDlZ0N9iEM=", "last_login": "2023-12-30T11:32:01.851Z", "is_superuser": false, "username": "farnsworth", "first_name": "Professor", "last_name": "Farnsworth", "email": "farns@yahoo.co.uk", "is_staff": false, "is_active": true, "date_joined": "2023-12-30T11:16:41.190Z", "groups": [], "user_permissions": []}}, {"model": "auth.user", "pk": 14, "fields": {"password": "pbkdf2_sha256$390000$wppvevRr2thi64C5a6Wy5m$zmyIM5/RFaS2swa8YVYoQsYHtVUDZ3CqBsWI838eYSs=", "last_login": "2023-12-30T11:26:56.015Z", "is_superuser": false, "username": "Marvin", "first_name": "Marvin", "last_name": "Robot", "email": "marvin@gmail.co.us", "is_staff": false, "is_active": true, "date_joined": "2023-12-30T11:25:43.247Z", "groups": [], "user_permissions": []}}, {"model": "auth.user", "pk": 15, "fields": {"password": "pbkdf2_sha256$390000$FcSdNkcnKHHUTYqQtmoR5b$ODewAkaWBjn622TttQ6+erzHf2xbklgGAEkleMGhXC0=", "last_login": "2023-12-30T11:28:50.958Z", "is_superuser": false, "username": "Zaphod", "first_name": "President", "last_name": "Zaphod", "email": "zap@gmail.com", "is_staff": false, "is_active": true, "date_joined": "2023-12-30T11:27:47.365Z", "groups": [], "user_permissions": []}}, {"model": "auth.user", "pk": 16, "fields": {"password": "pbkdf2_sha256$390000$wnvZ2LhnjoEVi2L7u2znXN$zQ+vRPoQrVGkZQpYmmu9iegpNOai/BUksPhw8jGqac8=", "last_login": "2024-01-05T11:01:35.845Z", "is_superuser": false, "username": "Ford", "first_name": "Ford", "last_name": "Towel", "email": "dftbt@gmail.com", "is_staff": false, "is_active": true, "date_joined": "2023-12-30T11:29:47.119Z", "groups": [], "user_permissions": []}}, {"model": "contenttypes.contenttype", "pk": 1, "fields": {"app_label": "admin", "model": "logentry"}}, {"model": "contenttypes.contenttype", "pk": 2, "fields": {"app_label": "auth", "model": "permission"}}, {"model": "contenttypes.contenttype", "pk": 3, "fields": {"app_label": "auth", "model": "group"}}, {"model": "contenttypes.contenttype", "pk": 4, "fields": {"app_label": "auth", "model": "user"}}, {"model": "contenttypes.contenttype", "pk": 5, "fields": {"app_label": "contenttypes", "model": "contenttype"}}, {"model": "contenttypes.contenttype", "pk": 6, "fields": {"app_label": "sessions", "model": "session"}}, {"model": "contenttypes.contenttype", "pk": 7, "fields": {"app_label": "socialapp", "model": "profile"}}, {"model": "contenttypes.contenttype", "pk": 8, "fields": {"app_label": "socialapp", "model": "tweet"}}, {"model": "sessions.session", "pk": "0dtch1p8barji1curlzgcpzuz4zoij2h", "fields": {"session_data": ".eJxVjEsOAiEQRO_C2hAITQCX7j0D6aZBRg0k81lNvLtMMgutZb1XtYuI21rjtuQ5TiyuQovLb0eYXrkdgJ_YHl2m3tZ5Inko8qSLvHfO79vp_h1UXOpYk7FA6FXRGcDpgIXBBXJmRAWrlLbEnGzwiDgkAp8ogysBjSeH4vMF2-w4LQ:1qiIpN:M4teWMte6gJ-yelCn9kclp0HaibfEK79trLQ4ndPcw0", "expire_date": "2023-10-02T18:18:33.456Z"}}, {"model": "sessions.session", "pk": "2nnqa9vdqdvah7u0g2r5qjo9077905w3", "fields": {"session_data": ".eJxVjEEOwiAQRe_C2hAoUMCl-56BzAyDrZqSlHZlvLtt0oVu_3vvv0WCbR3T1nhJUxZXocXld0OgJ88HyA-Y71VSnddlQnko8qRNDjXz63a6fwcjtHGvjevBO47RU6cCge5sodBbFwwGrYgCeu7ZZSqdjaWgRw_ZKEWF4-6JzxfaQjgb:1riC2t:mrfcrTBE_rrf6OyFyn3dTGX-aUVR6oabJI-3mxSV_TY", "expire_date": "2024-03-21T11:36:19.955Z"}}, {"model": "sessions.session", "pk": "bhemiokly6w84wqhdewagajr3av9ej45", "fields": {"session_data": ".eJxVjEEOwiAQRe_C2hAoUMCl-56BzAyDrZqSlHZlvLtt0oVu_3vvv0WCbR3T1nhJUxZXocXld0OgJ88HyA-Y71VSnddlQnko8qRNDjXz63a6fwcjtHGvjevBO47RU6cCge5sodBbFwwGrYgCeu7ZZSqdjaWgRw_ZKEWF4-6JzxfaQjgb:1rSKou:PUObtu71n7GS8W6-UTW0km2t_c4-CItq3si23mEssZQ", "expire_date": "2024-02-06T17:44:20.138Z"}}, {"model": "sessions.session", "pk": "d4zxs421ue8spr3se9uxs4su6qtbgaqn", "fields": {"session_data": ".eJxVjMsOwiAQRf-FtSFMETq4dN9vIDM8pGpoUtqV8d-VpAvdnnPufQlP-1b83tLq5yguAsTplzGFR6pdxDvV2yLDUrd1ZtkTedgmpyWm5_Vo_w4KtdLXaKKmbA2OoFyGwbFlSl9m1eCsyaARQk7IGhFTINKjZmXOERFcAPH-AOCwN7A:1qXLzk:7PyI9BskUgPdhbV5rvdiPBSohs8KJE42NeK8X9eYSrA", "expire_date": "2023-09-02T13:28:00.441Z"}}, {"model": "sessions.session", "pk": "g775rztil51m7ct7ee093hpklputqcxs", "fields": {"session_data": ".eJxVjEEOwiAQRe_C2hAoUMCl-56BzAyDrZqSlHZlvLtt0oVu_3vvv0WCbR3T1nhJUxZXocXld0OgJ88HyA-Y71VSnddlQnko8qRNDjXz63a6fwcjtHGvjevBO47RU6cCge5sodBbFwwGrYgCeu7ZZSqdjaWgRw_ZKEWF4-6JzxfaQjgb:1rSKDP:fOca8b5H6a7HgetdoVxNRHM-a3qHlPTVPji9GDPpP2A", "expire_date": "2024-02-06T17:05:35.063Z"}}, {"model": "sessions.session", "pk": "gx83w7cjrcr3cmjx9fjdtyhpfgbnd50y", "fields": {"session_data": ".eJxVjEEOwiAQRe_C2hCHESgu3XuGBmYGqRpISrsy3l2bdKHb_977LzXGdSnj2mUeJ1ZnBerwu6VID6kb4Hust6ap1WWekt4UvdOur43ledndv4MSe_nWLoAgi7MeAqI7BTJoxNgA0R4HT4SB2fgEDsVlmwk820h2AMo-eVDvD7zLN1M:1qmARB:tWa5rwC1A7tlIi4rXmMK3PFQ-OfjSp0J-nr354IqDGI", "expire_date": "2023-10-13T10:09:33.545Z"}}, {"model": "sessions.session", "pk": "izbgwsqmuzziqbz0c4gatkq3zko8v0r4", "fields": {"session_data": ".eJxVjEEOwiAQRe_C2hAoUMCl-56BzAyDrZqSlHZlvLtt0oVu_3vvv0WCbR3T1nhJUxZXocXld0OgJ88HyA-Y71VSnddlQnko8qRNDjXz63a6fwcjtHGvjevBO47RU6cCge5sodBbFwwGrYgCeu7ZZSqdjaWgRw_ZKEWF4-6JzxfaQjgb:1rMNVG:cOfsTY3L8aNsfa6JZUR3DJqthsK1LecPf7YAzkXYq2A", "expire_date": "2024-01-21T07:23:26.019Z"}}, {"model": "sessions.session", "pk": "jqo198zirhb98vqh544c87zxsd8077ua", "fields": {"session_data": ".eJxVjE0OwiAYRO_C2hALrYBL9z0D-f6QqqFJaVfGu0uTLnSW897MW0XY1hy3KkucWF1Vp06_HQI9peyAH1Dus6a5rMuEelf0QaseZ5bX7XD_DjLU3NYmUSC5BCDnLQBLsj0aRx0ldgjCbGFoQrI4cO9bLKGTxMF6489Bfb4ubTlt:1qPlfz:JErMubXY0Q229aIUh7f7P3DHahAVsIEFISwl2YqVuB8", "expire_date": "2023-08-12T15:16:15.464Z"}}, {"model": "socialapp.tweet", "pk": 2, "fields": {"user": 3, "body": "This is a tweet mmkay", "created_at": "2023-08-05T08:33:59.107Z", "likes": []}}, {"model": "socialapp.tweet", "pk": 3, "fields": {"user": 6, "body": "Screw you guys, Im going home", "created_at": "2023-08-05T08:35:28.658Z", "likes": []}}, {"model": "socialapp.tweet", "pk": 5, "fields": {"user": 1, "body": "Just another day, just another line of code", "created_at": "2023-08-05T17:08:20.074Z", "likes": [9]}}, {"model": "socialapp.tweet", "pk": 6, "fields": {"user": 8, "body": "Dont forget to bring a towel", "created_at": "2023-08-15T17:10:50.195Z", "likes": [1, 9]}}, {"model": "socialapp.tweet", "pk": 7, "fields": {"user": 13, "body": "Im coo coo for coco puffs", "created_at": "2023-12-30T11:16:57.041Z", "likes": []}}, {"model": "socialapp.tweet", "pk": 8, "fields": {"user": 16, "body": "Your entire planet has been destroyed by a vogon construction fleet, Im sorry. Its a tough galaxy out there", "created_at": "2024-01-05T11:02:19.372Z", "likes": []}}, {"model": "socialapp.tweet", "pk": 9, "fields": {"user": 1, "body": "You have a 3 gallon water bottle and a 5 gallon water bottle. You need to get exactly 4 gallons of water in the 5 gallon water bottle. How do you do it? What do you do", "created_at": "2024-01-05T11:30:25.802Z", "likes": []}}, {"model": "socialapp.tweet", "pk": 10, "fields": {"user": 1, "body": "Why can a butterfly fly but a fly cant butter?", "created_at": "2024-01-23T19:12:26.654Z", "likes": []}}, {"model": "socialapp.tweet", "pk": 11, "fields": {"user": 1, "body": "We have reached the conclusion of this app basic creation, whoop whoop", "created_at": "2024-01-23T19:12:48.407Z", "likes": []}}, {"model": "socialapp.profile", "pk": 1, "fields": {"user": 1, "date_modified": "2024-01-06T08:38:50.828Z", "profile_image": "images/WhatsApp_Image_2023-06-06_at_17.52.37.jpeg", "profile_bio": "A very fine, funny and handsome young man. Well maybe not so young. Well maybe I'm being too modest, or age has grappled my mind", "website_link": "https://google.com", "facebook_link": "https://facebook.com/", "instagram_link": "https://instagram.com/", "linkedin_link": "https://linkedin.com/", "github_link": "https://github.com/LegendGT86/Smedia", "follows": [4, 6, 7, 8, 10, 13, 14, 15, 16]}}, {"model": "socialapp.profile", "pk": 2, "fields": {"user": 6, "date_modified": "2023-08-12T10:28:13.443Z", "profile_image": "images/cartman.jpg", "profile_bio": null, "website_link": null, "facebook_link": null, "instagram_link": null, "linkedin_link": null, "github_link": null, "follows": [3]}}, {"model": "socialapp.profile", "pk": 3, "fields": {"user": 7, "date_modified": "2023-08-12T10:28:03.451Z", "profile_image": "images/stan.jpg", "profile_bio": null, "website_link": null, "facebook_link": null, "instagram_link": null, "linkedin_link": null, "github_link": null, "follows": [1]}}, {"model": "socialapp.profile", "pk": 4, "fields": {"user": 3, "date_modified": "2023-08-12T10:28:42.958Z", "profile_image": "images/mr_mackey.jpg", "profile_bio": null, "website_link": null, "facebook_link": null, "instagram_link": null, "linkedin_link": null, "github_link": null, "follows": [1]}}, {"model": "socialapp.profile", "pk": 5, "fields": {"user": 2, "date_modified": "2023-08-12T10:28:52.235Z", "profile_image": "images/mr.garrison.jpg", "profile_bio": null, "website_link": null, "facebook_link": null, "instagram_link": null, "linkedin_link": null, "github_link": null, "follows": [1]}}, {"model": "socialapp.profile", "pk": 6, "fields": {"user": 4, "date_modified": "2023-08-12T10:28:33.856Z", "profile_image": "images/butters.jpg", "profile_bio": null, "website_link": null, "facebook_link": null, "instagram_link": null, "linkedin_link": null, "github_link": null, "follows": [1]}}, {"model": "socialapp.profile", "pk": 7, "fields": {"user": 5, "date_modified": "2023-08-12T10:28:22.274Z", "profile_image": "images/kenny.jpg", "profile_bio": null, "website_link": null, "facebook_link": null, "instagram_link": null, "linkedin_link": null, "github_link": null, "follows": [1]}}, {"model": "socialapp.profile", "pk": 8, "fields": {"user": 8, "date_modified": "2023-08-15T17:11:09.867Z", "profile_image": "images/towlie.jpg", "profile_bio": null, "website_link": null, "facebook_link": null, "instagram_link": null, "linkedin_link": null, "github_link": null, "follows": [1, 2, 8]}}, {"model": "socialapp.profile", "pk": 9, "fields": {"user": 9, "date_modified": "2023-12-28T09:50:03.112Z", "profile_image": "images/baba.jpg", "profile_bio": "Im just a girl from southpark", "website_link": null, "facebook_link": null, "instagram_link": null, "linkedin_link": null, "github_link": null, "follows": [9]}}, {"model": "socialapp.profile", "pk": 10, "fields": {"user": 10, "date_modified": "2023-12-30T07:45:59.926Z", "profile_image": "images/images_-_2020-11-14T170517.813.jpeg", "profile_bio": "A digital experience", "website_link": "www.google.com", "facebook_link": "https://facebook.com", "instagram_link": "https://google.com", "linkedin_link": "https://google.com", "github_link": null, "follows": [10]}}, {"model": "socialapp.profile", "pk": 11, "fields": {"user": 11, "date_modified": "2023-12-28T18:43:39.499Z", "profile_image": "", "profile_bio": null, "website_link": null, "facebook_link": null, "instagram_link": null, "linkedin_link": null, "github_link": null, "follows": [11]}}, {"model": "socialapp.profile", "pk": 12, "fields": {"user": 12, "date_modified": "2023-12-30T11:09:48.291Z", "profile_image": "images/lela.jpg", "profile_bio": "Im a space captain with one eye and poor depth perception", "website_link": "https://google.com", "facebook_link": "https://facebook.com", "instagram_link": "https://google.com", "linkedin_link": "https://google.com", "github_link": "https://github.com/LegendGT86/Smedia", "follows": [12]}}, {"model": "socialapp.profile", "pk": 13, "fields": {"user": 13, "date_modified": "2023-12-30T11:32:01.843Z", "profile_image": "images/professor.jpg", "profile_bio": "Im 120 years old and still young", "website_link": "https://google.com", "facebook_link": "https://facebook.com", "instagram_link": "https://instagram.com", "linkedin_link": "https://google.com", "github_link": "https://github.com/", "follows": [13]}}, {"model": "socialapp.profile", "pk": 14, "fields": {"user": 14, "date_modified": "2023-12-30T11:26:56.006Z", "profile_image": "images/marvin.jpg", "profile_bio": "I spoke to the ships computer...it hates me", "website_link": "https://google.com", "facebook_link": "https://facebook.com", "instagram_link": "https://instagram.com", "linkedin_link": "https://linkedin.com", "github_link": "https://github.com/", "follows": [14]}}, {"model": "socialapp.profile", "pk": 15, "fields": {"user": 15, "date_modified": "2023-12-30T11:28:50.949Z", "profile_image": "images/zaphod.jpg", "profile_bio": "You think you dont, but I think you think you do", "website_link": "https://google.com", "facebook_link": "https://facebook.com", "instagram_link": "https://instagram.com", "linkedin_link": "https://linkedin.com", "github_link": "https://github.com/", "follows": [15]}}, {"model": "socialapp.profile", "pk": 16, "fields": {"user": 16, "date_modified": "2023-12-30T11:30:56.683Z", "profile_image": "images/ford.jpg", "profile_bio": "Your entire planet was destroyed, Im sorry. Its a tough galaxy out there", "website_link": "https://google.com", "facebook_link": "https://facebook.com", "instagram_link": "https://instagram.com", "linkedin_link": "https://linkedin.com", "github_link": "https://github.com/", "follows": [16]}}]